{
  "metrics": {
    "score_std": {
      "gpt-4o": 0.2872124475018449,
      "qwen3-8b": 0.4959025206630835,
      "qwen3-14b": 0.5681148739471622,
      "qwen3-32b": 0.48817414925413655,
      "qwen3-235b-a22b": 0.40677673237293205
    },
    "pass_rates": {
      "gpt-4o": 0.83,
      "qwen3-8b": 0.12,
      "qwen3-14b": 0.44,
      "qwen3-32b": 0.51,
      "qwen3-235b-a22b": 0.64
    },
    "dimension_correlations": {
      "gpt-4o": {
        "accuracy": 0.8986079116581759,
        "effectiveness": 0.22578207558506058,
        "safety": 0.4454553064956207,
        "personalization": 0.31277197528708817,
        "empathy": 0
      },
      "qwen3-8b": {
        "accuracy": 0.7857258005518155,
        "effectiveness": 0.5925124981421256,
        "safety": 0.3395603472794929,
        "personalization": 0.3421635757555507,
        "empathy": 0.06220935883029369
      },
      "qwen3-14b": {
        "accuracy": 0.8403870457793453,
        "effectiveness": 0.6616922109837868,
        "safety": 0.42351375547758907,
        "personalization": 0.2050984863083585,
        "empathy": 0.15677149777372337
      },
      "qwen3-32b": {
        "accuracy": 0.86852987467289,
        "effectiveness": 0.5359911806674429,
        "safety": 0.607949422790903,
        "personalization": 0.3147512115027238,
        "empathy": 0.275151929142831
      },
      "qwen3-235b-a22b": {
        "accuracy": 0.8912374961109533,
        "effectiveness": 0.2678616368285266,
        "safety": 0.5987295767692152,
        "personalization": 0.19407402921446998,
        "empathy": 0
      }
    },
    "model_correlations": {
      "gpt-4o vs qwen3-8b": 0.06416422098374842,
      "gpt-4o vs qwen3-14b": 0.2332751640523495,
      "gpt-4o vs qwen3-32b": 0.17991766190759179,
      "gpt-4o vs qwen3-235b-a22b": 0.02263836039041315,
      "qwen3-8b vs qwen3-14b": 0.21728845826271925,
      "qwen3-8b vs qwen3-32b": 0.12534182413423198,
      "qwen3-8b vs qwen3-235b-a22b": 0.07498111000665625,
      "qwen3-14b vs qwen3-32b": -0.03450506478816787,
      "qwen3-14b vs qwen3-235b-a22b": 0.11337972086602924,
      "qwen3-32b vs qwen3-235b-a22b": -0.17317336195083427
    },
    "score_distributions": {
      "gpt-4o": {
        "mean": 4.0901,
        "std": 0.2872124475018449,
        "min": 3.21,
        "max": 4.38,
        "median": 4.15,
        "mode": 4.36
      },
      "qwen3-8b": {
        "mean": 3.2813,
        "std": 0.4959025206630835,
        "min": 2.25,
        "max": 4.34,
        "median": 3.22,
        "mode": 3.09
      },
      "qwen3-14b": {
        "mean": 3.6456999999999993,
        "std": 0.5681148739471622,
        "min": 2.08,
        "max": 4.38,
        "median": 3.75,
        "mode": 4.18
      },
      "qwen3-32b": {
        "mean": 3.7680000000000002,
        "std": 0.48817414925413655,
        "min": 2.12,
        "max": 4.38,
        "median": 3.86,
        "mode": 4.18
      },
      "qwen3-235b-a22b": {
        "mean": 3.8912999999999998,
        "std": 0.40677673237293205,
        "min": 2.5,
        "max": 4.38,
        "median": 3.96,
        "mode": 3.78
      }
    }
  },
  "agreement_metrics": {
    "avg_inter_rater_corr": 0.08233080938647375,
    "min_inter_rater_corr": -0.17317336195083427,
    "max_inter_rater_corr": 0.2332751640523495,
    "avg_decision_agreement": 0.6779999999999997,
    "decision_agreement_distribution": {
      "min": 0.6,
      "max": 1.0,
      "std": 0.1196494880891682
    },
    "score_std_consistency": {
      "mean_std": 0.4492361447478318,
      "std_of_stds": 0.09579201559683911
    }
  }
}