{
  "bootstrap_results": {
    "gpt-4o": {
      "mean": 4.532,
      "std": 0.9248653956117074,
      "bootstrap_mean": 4.535247999999999,
      "bootstrap_std": 0.13178434844851647,
      "ci_lower": 4.2559000000000005,
      "ci_upper": 4.78,
      "ci_width": 0.5240999999999998
    },
    "qwen3-0.6b": {
      "mean": 1.9220000000000002,
      "std": 0.7297369389033285,
      "bootstrap_mean": 1.917874,
      "bootstrap_std": 0.10549769724501099,
      "ci_lower": 1.71995,
      "ci_upper": 2.13,
      "ci_width": 0.4100499999999998
    },
    "qwen3-8b": {
      "mean": 4.138,
      "std": 1.1580828985871434,
      "bootstrap_mean": 4.1403739999999996,
      "bootstrap_std": 0.1592839229928746,
      "ci_lower": 3.8077500000000004,
      "ci_upper": 4.44405,
      "ci_width": 0.6362999999999994
    },
    "qwen3-14b": {
      "mean": 4.522,
      "std": 0.9250491878813797,
      "bootstrap_mean": 4.5200499999999995,
      "bootstrap_std": 0.13315321062595528,
      "ci_lower": 4.245950000000001,
      "ci_upper": 4.763999999999999,
      "ci_width": 0.5180499999999988
    },
    "qwen3-32b": {
      "mean": 4.34,
      "std": 1.1471704319759988,
      "bootstrap_mean": 4.34254,
      "bootstrap_std": 0.16158186903238866,
      "ci_lower": 4.016,
      "ci_upper": 4.6221,
      "ci_width": 0.6060999999999996
    },
    "qwen3-235b-a22b": {
      "mean": 4.528,
      "std": 0.8385797517231142,
      "bootstrap_mean": 4.525912,
      "bootstrap_std": 0.11723409169691215,
      "ci_lower": 4.266,
      "ci_upper": 4.722049999999999,
      "ci_width": 0.4560499999999994
    }
  },
  "anova_test": {
    "F_statistic": 55.47371703682025,
    "p_value": 1.7663452558780983e-40,
    "significant": true
  },
  "posthoc_comparisons": [
    {
      "model1": "gpt-4o",
      "model2": "qwen3-0.6b",
      "t_statistic": 15.508175643854115,
      "p_value_uncorrected": 1.5843603850041479e-27,
      "mean_diff": 2.61,
      "p_value_corrected": 2.376540577506222e-26,
      "significant": true
    },
    {
      "model1": "gpt-4o",
      "model2": "qwen3-8b",
      "t_statistic": 1.860910535005881,
      "p_value_uncorrected": 0.06590162503896799,
      "mean_diff": 0.39400000000000013,
      "p_value_corrected": 0.9885243755845198,
      "significant": false
    },
    {
      "model1": "gpt-4o",
      "model2": "qwen3-14b",
      "t_statistic": 0.05351325394203326,
      "p_value_uncorrected": 0.9574319070641013,
      "mean_diff": 0.009999999999999787,
      "p_value_corrected": 1.0,
      "significant": false
    },
    {
      "model1": "gpt-4o",
      "model2": "qwen3-32b",
      "t_statistic": 0.9120775205767054,
      "p_value_uncorrected": 0.3640666001139623,
      "mean_diff": 0.19200000000000017,
      "p_value_corrected": 1.0,
      "significant": false
    },
    {
      "model1": "gpt-4o",
      "model2": "qwen3-235b-a22b",
      "t_statistic": 0.02242806520081534,
      "p_value_uncorrected": 0.9821525302541894,
      "mean_diff": 0.004000000000000448,
      "p_value_corrected": 1.0,
      "significant": false
    },
    {
      "model1": "qwen3-0.6b",
      "model2": "qwen3-8b",
      "t_statistic": -11.33237696597389,
      "p_value_uncorrected": 1.6683995332644961e-18,
      "mean_diff": -2.2159999999999997,
      "p_value_corrected": 2.5025992998967444e-17,
      "significant": true
    },
    {
      "model1": "qwen3-0.6b",
      "model2": "qwen3-14b",
      "t_statistic": -15.446865407863926,
      "p_value_uncorrected": 2.0724342586746554e-27,
      "mean_diff": -2.6,
      "p_value_corrected": 3.108651388011983e-26,
      "significant": true
    },
    {
      "model1": "qwen3-0.6b",
      "model2": "qwen3-32b",
      "t_statistic": -12.449236848665178,
      "p_value_uncorrected": 1.096034694312711e-20,
      "mean_diff": -2.4179999999999997,
      "p_value_corrected": 1.6440520414690664e-19,
      "significant": true
    },
    {
      "model1": "qwen3-0.6b",
      "model2": "qwen3-235b-a22b",
      "t_statistic": -16.41006513360255,
      "p_value_uncorrected": 1.2444704172244666e-29,
      "mean_diff": -2.6059999999999994,
      "p_value_corrected": 1.8667056258367e-28,
      "significant": true
    },
    {
      "model1": "qwen3-8b",
      "model2": "qwen3-14b",
      "t_statistic": -1.8135389502275103,
      "p_value_uncorrected": 0.07295893070393393,
      "mean_diff": -0.38400000000000034,
      "p_value_corrected": 1.0,
      "significant": false
    },
    {
      "model1": "qwen3-8b",
      "model2": "qwen3-32b",
      "t_statistic": -0.8674428732683476,
      "p_value_uncorrected": 0.3878186756311378,
      "mean_diff": -0.20199999999999996,
      "p_value_corrected": 1.0,
      "significant": false
    },
    {
      "model1": "qwen3-8b",
      "model2": "qwen3-235b-a22b",
      "t_statistic": -1.9093374236499894,
      "p_value_uncorrected": 0.059429214066990574,
      "mean_diff": -0.3899999999999997,
      "p_value_corrected": 0.8914382110048586,
      "significant": false
    },
    {
      "model1": "qwen3-14b",
      "model2": "qwen3-32b",
      "t_statistic": 0.8645058023530605,
      "p_value_uncorrected": 0.38951585743330186,
      "mean_diff": 0.18200000000000038,
      "p_value_corrected": 1.0,
      "significant": false
    },
    {
      "model1": "qwen3-14b",
      "model2": "qwen3-235b-a22b",
      "t_statistic": -0.03363842896351485,
      "p_value_uncorrected": 0.9732345500450312,
      "mean_diff": -0.005999999999999339,
      "p_value_corrected": 1.0,
      "significant": false
    },
    {
      "model1": "qwen3-32b",
      "model2": "qwen3-235b-a22b",
      "t_statistic": -0.9261141074602648,
      "p_value_uncorrected": 0.3568707259637681,
      "mean_diff": -0.18799999999999972,
      "p_value_corrected": 1.0,
      "significant": false
    }
  ],
  "effect_sizes": [
    {
      "model1": "gpt-4o",
      "model2": "qwen3-0.6b",
      "cohens_d": 3.101635128770823,
      "magnitude": "large"
    },
    {
      "model1": "gpt-4o",
      "model2": "qwen3-8b",
      "cohens_d": 0.37218210700117627,
      "magnitude": "small"
    },
    {
      "model1": "gpt-4o",
      "model2": "qwen3-14b",
      "cohens_d": 0.010702650788406652,
      "magnitude": "negligible"
    },
    {
      "model1": "gpt-4o",
      "model2": "qwen3-32b",
      "cohens_d": 0.18241550411534108,
      "magnitude": "negligible"
    },
    {
      "model1": "gpt-4o",
      "model2": "qwen3-235b-a22b",
      "cohens_d": 0.0044856130401630685,
      "magnitude": "negligible"
    },
    {
      "model1": "qwen3-0.6b",
      "model2": "qwen3-8b",
      "cohens_d": -2.2664753931947774,
      "magnitude": "large"
    },
    {
      "model1": "qwen3-0.6b",
      "model2": "qwen3-14b",
      "cohens_d": -3.089373081572785,
      "magnitude": "large"
    },
    {
      "model1": "qwen3-0.6b",
      "model2": "qwen3-32b",
      "cohens_d": -2.4898473697330354,
      "magnitude": "large"
    },
    {
      "model1": "qwen3-0.6b",
      "model2": "qwen3-235b-a22b",
      "cohens_d": -3.28201302672051,
      "magnitude": "large"
    },
    {
      "model1": "qwen3-8b",
      "model2": "qwen3-14b",
      "cohens_d": -0.3627077900455021,
      "magnitude": "small"
    },
    {
      "model1": "qwen3-8b",
      "model2": "qwen3-32b",
      "cohens_d": -0.1734885746536695,
      "magnitude": "negligible"
    },
    {
      "model1": "qwen3-8b",
      "model2": "qwen3-235b-a22b",
      "cohens_d": -0.38186748472999793,
      "magnitude": "small"
    },
    {
      "model1": "qwen3-14b",
      "model2": "qwen3-32b",
      "cohens_d": 0.17290116047061213,
      "magnitude": "negligible"
    },
    {
      "model1": "qwen3-14b",
      "model2": "qwen3-235b-a22b",
      "cohens_d": -0.00672768579270297,
      "magnitude": "negligible"
    },
    {
      "model1": "qwen3-32b",
      "model2": "qwen3-235b-a22b",
      "cohens_d": -0.18522282149205294,
      "magnitude": "negligible"
    }
  ],
  "ranking_stability": {
    "gpt-4o": {
      "mean_rank": 2.132,