{
  "A4": {
    "current_judge": {
      "mean_total": 3.997,
      "std_total": 1.349528965266639,
      "pass_rate": 73.66666666666667,
      "fail_rate": 26.333333333333332
    },
    "variants": {
      "original": {
        "mean": 3.997,
        "std": 1.349528965266639,
        "pass_rate": 73.66666666666667
      },
      "strict": {
        "mean": 3.6969999999999996,
        "std": 1.349528965266639,
        "pass_rate": 70.0
      },
      "lenient": {
        "mean": 4.297,
        "std": 1.349528965266639,
        "pass_rate": 77.0
      },
      "consistent": {
        "mean": 3.997,
        "std": 0.9446702756866471,
        "pass_rate": 79.0
      }
    },
    "model_rankings": {
      "original": [
        "gpt-4o",
        "qwen3-235b-a22b",
        "qwen3-14b",
        "qwen3-32b",
        "qwen3-8b",
        "qwen3-0.6b"
      ],
      "strict": [
        "gpt-4o",
        "qwen3-235b-a22b",
        "qwen3-14b",
        "qwen3-32b",
        "qwen3-8b",
        "qwen3-0.6b"
      ],
      "lenient": [
        "gpt-4o",
        "qwen3-235b-a22b",
        "qwen3-14b",
        "qwen3-32b",
        "qwen3-8b",
        "qwen3-0.6b"
      ],
      "consistent": [
        "gpt-4o",
        "qwen3-235b-a22b",
        "qwen3-14b",
        "qwen3-32b",
        "qwen3-8b",
        "qwen3-0.6b"
      ]
    },
    "model_correlations": {
      "gpt-4o_vs_qwen3-0.6b": -0.005488151822830526,
      "gpt-4o_vs_qwen3-8b": 0.010255157753289251,
      "gpt-4o_vs_qwen3-14b": 0.3033104065974849,
      "gpt-4o_vs_qwen3-32b": 0.31208934260000243,
      "gpt-4o_vs_qwen3-235b-a22b": -0.20229677970943752,
      "qwen3-0.6b_vs_qwen3-8b": 0.004690592089583258,
      "qwen3-0.6b_vs_qwen3-14b": 0.046094871226436046,
      "qwen3-0.6b_vs_qwen3-32b": -0.12982411016004008,
      "qwen3-0.6b_vs_qwen3-235b-a22b": -0.07519659264971351,
      "qwen3-8b_vs_qwen3-14b": -0.0463332005852998,
      "qwen3-8b_vs_qwen3-32b": 0.09595651391436441,
      "qwen3-8b_vs_qwen3-235b-a22b": 0.2182331458883222,
      "qwen3-14b_vs_qwen3-32b": -0.03343419263071002,
      "qwen3-14b_vs_qwen3-235b-a22b": -0.1954500728957531,
      "qwen3-32b_vs_qwen3-235b-a22b": -0.07226657080347378
    }
  },
  "A5": {
    "turn_stats": {
      "13": {
        "avg_score": 4.522,
        "std_score": 0.9344407909743317,
        "count": 50
      },
      "17": {
        "avg_score": 3.8920000000000003,
        "std_score": 1.39595514363901,
        "count": 250
      }
    },
    "category_stats": {
      "7+": {
        "avg_score": 3.997,
        "std_score": 1.349528965266639,
        "count": 300
      }
    },
    "model_turn_analysis": {
      "gpt-4o": {
        "avg_turns": 17.0,
        "avg_score": 4.532,
        "turn_score_corr": 0.0
      },
      "qwen3-0.6b": {
        "avg_turns": 17.0,
        "avg_score": 1.9220000000000002,
        "turn_score_corr": 0.0
      },
      "qwen3-8b": {
        "avg_turns": 17.0,
        "avg_score": 4.138,
        "turn_score_corr": 0.0
      },
      "qwen3-14b": {
        "avg_turns": 13.0,
        "avg_score": 4.522,
        "turn_score_corr": 0.0
      },
      "qwen3-32b": {
        "avg_turns": 17.0,
        "avg_score": 4.34,
        "turn_score_corr": 0.0
      },
      "qwen3-235b-a22b": {
        "avg_turns": 17.0,
        "avg_score": 4.528,
        "turn_score_corr": 0.0
      }
    },
    "single_vs_multi": {
      "single_turn": {
        "avg_score": NaN,
        "avg_turns": NaN,
        "count": 0
      },
      "multi_turn": {
        "avg_score": 3.997,
        "avg_turns": 16.333333333333332,
        "count": 300
      },
      "difference": NaN
    }
  }
}