{
  "dimensions": [
    "accuracy",
    "effectiveness",
    "safety",
    "personalization",
    "empathy"
  ],
  "models": [
    "gpt-4o",
    "qwen3-0.6b",
    "qwen3-8b",
    "qwen3-14b",
    "qwen3-32b",
    "qwen3-235b-a22b"
  ],
  "statistics": {
    "gpt-4o": {
      "accuracy": {
        "mean": 4.36,
        "std": 1.292439553712281,
        "min": 0.0,
        "max": 5.0,
        "median": 5.0
      },
      "effectiveness": {
        "mean": 4.4,
        "std": 1.2165525060596438,
        "min": 0.0,
        "max": 5.0,
        "median": 5.0
      },
      "safety": {
        "mean": 4.3,
        "std": 1.4177446878757824,
        "min": 0.0,
        "max": 5.0,
        "median": 5.0
      },
      "personalization": {
        "mean": 4.7,
        "std": 0.7280109889280517,
        "min": 2.0,
        "max": 5.0,
        "median": 5.0
      },
      "empathy": {
        "mean": 4.9,
        "std": 0.412310562561766,
        "min": 3.0,
        "max": 5.0,
        "median": 5.0
      }
    },
    "qwen3-0.6b": {
      "accuracy": {
        "mean": 2.76,
        "std": 1.049952379872535,
        "min": 0.0,
        "max": 4.0,
        "median": 3.0
      },
      "effectiveness": {
        "mean": 1.48,
        "std": 0.8059776671843955,
        "min": 0.0,
        "max": 4.0,
        "median": 1.0
      },
      "safety": {
        "mean": 2.89,
        "std": 1.4117011015083896,
        "min": 0.0,
        "max": 5.0,
        "median": 3.0
      },
      "personalization": {
        "mean": 1.22,
        "std": 0.87840765023991,
        "min": 0.0,
        "max": 4.0,
        "median": 1.0
      },
      "empathy": {
        "mean": 1.28,
        "std": 0.8953211714239756,
        "min": 0.0,
        "max": 5.0,
        "median": 1.0
      }
    },
    "qwen3-8b": {
      "accuracy": {
        "mean": 3.74,
        "std": 1.7641995352000297,
        "min": 0.0,
        "max": 5.0,
        "median": 5.0
      },
      "effectiveness": {
        "mean": 4.16,
        "std": 1.2547509713086498,
        "min": 1.0,
        "max": 5.0,
        "median": 5.0
      },
      "safety": {
        "mean": 3.9,
        "std": 1.824828759089466,
        "min": 0.0,
        "max": 5.0,
        "median": 5.0
      },
      "personalization": {
        "mean": 4.32,
        "std": 0.9260669522232181,
        "min": 2.0,
        "max": 5.0,
        "median": 5.0
      },
      "empathy": {
        "mean": 4.6,
        "std": 0.6,
        "min": 3.0,
        "max": 5.0,
        "median": 5.0
      }
    },
    "qwen3-14b": {
      "accuracy": {
        "mean": 4.2,
        "std": 1.4560219778561037,
        "min": 0.0,
        "max": 5.0,
        "median": 5.0
      },
      "effectiveness": {
        "mean": 4.54,
        "std": 1.135077089893017,
        "min": 0.0,
        "max": 5.0,
        "median": 5.0
      },
      "safety": {
        "mean": 4.05,
        "std": 1.7095320997278758,
        "min": 0.0,
        "max": 5.0,
        "median": 5.0
      },
      "personalization": {
        "mean": 4.86,
        "std": 0.6003332407921455,
        "min": 2.0,
        "max": 5.0,
        "median": 5.0
      },
      "empathy": {
        "mean": 4.98,
        "std": 0.13999999999999999,
        "min": 4.0,
        "max": 5.0,
        "median": 5.0
      }
    },
    "qwen3-32b": {
      "accuracy": {
        "mean": 3.97,
        "std": 1.6625582696555332,
        "min": 0.0,
        "max": 5.0,
        "median": 5.0
      },
      "effectiveness": {
        "mean": 4.28,
        "std": 1.4565713164826501,
        "min": 1.0,
        "max": 5.0,
        "median": 5.0
      },
      "safety": {
        "mean": 3.88,
        "std": 1.872324758154952,
        "min": 0.0,
        "max": 5.0,
        "median": 5.0
      },
      "personalization": {
        "mean": 4.7,
        "std": 0.7810249675906654,
        "min": 2.0,
        "max": 5.0,
        "median": 5.0
      },
      "empathy": {
        "mean": 4.94,
        "std": 0.23748684174075835,
        "min": 4.0,
        "max": 5.0,
        "median": 5.0
      }
    },
    "qwen3-235b-a22b": {
      "accuracy": {
        "mean": 4.25,
        "std": 1.2893796958227628,
        "min": 0.0,
        "max": 5.0,
        "median": 5.0
      },
      "effectiveness": {
        "mean": 4.58,
        "std": 1.0017983829094554,
        "min": 0.0,
        "max": 5.0,
        "median": 5.0
      },
      "safety": {
        "mean": 4.14,
        "std": 1.4561593319413917,
        "min": 0.0,
        "max": 5.0,
        "median": 5.0
      },
      "personalization": {
        "mean": 4.82,
        "std": 0.6838128398911503,
        "min": 1.0,
        "max": 5.0,
        "median": 5.0
      },
      "empathy": {
        "mean": 4.96,
        "std": 0.27999999999999997,
        "min": 3.0,
        "max": 5.0,
        "median": 5.0
      }
    }
  }
}