{
  "models": [
    "gpt-4o",
    "qwen3-8b",
    "qwen3-14b",
    "qwen3-32b",
    "qwen3-235b-a22b"
  ],
  "risk_levels": [
    "Low",
    "Medium",
    "High",
    "Safety-critical"
  ],
  "statistics": {
    "gpt-4o": {
      "Medium": {
        "mean_score": 4.110666666666666,
        "std_score": 0.2888705977115398,
        "pass_rate": 86.66666666666667,
        "case_count": 45,
        "min_score": 3.21,
        "max_score": 4.38
      },
      "Low": {
        "mean_score": 4.064571428571428,
        "std_score": 0.2930757372337431,
        "pass_rate": 80.0,
        "case_count": 35,
        "min_score": 3.21,
        "max_score": 4.38
      },
      "High": {
        "mean_score": 4.093333333333333,
        "std_score": 0.2743639108110897,
        "pass_rate": 80.0,
        "case_count": 15,
        "min_score": 3.44,
        "max_score": 4.37
      },
      "Safety-critical": {
        "mean_score": 4.074,
        "std_score": 0.25112546664964097,
        "pass_rate": 80.0,
        "case_count": 5,
        "min_score": 3.64,
        "max_score": 4.33
      }
    },
    "qwen3-8b": {
      "Medium": {
        "mean_score": 3.272444444444444,
        "std_score": 0.4655374698157701,
        "pass_rate": 6.666666666666667,
        "case_count": 45,
        "min_score": 2.28,
        "max_score": 4.18
      },
      "Low": {
        "mean_score": 3.298,
        "std_score": 0.5501781529650193,
        "pass_rate": 17.142857142857142,
        "case_count": 35,
        "min_score": 2.25,
        "max_score": 4.34
      },
      "Safety-critical": {
        "mean_score": 3.16,
        "std_score": 0.2840422503783549,
        "pass_rate": 0.0,
        "case_count": 5,
        "min_score": 2.8,
        "max_score": 3.66
      },
      "High": {
        "mean_score": 3.309333333333333,
        "std_score": 0.49952599754389376,
        "pass_rate": 20.0,
        "case_count": 15,
        "min_score": 2.57,
        "max_score": 4.27
      }
    },
    "qwen3-14b": {
      "Low": {
        "mean_score": 3.679142857142857,
        "std_score": 0.5788627837829788,
        "pass_rate": 42.857142857142854,
        "case_count": 35,
        "min_score": 2.14,
        "max_score": 4.37
      },
      "Medium": {
        "mean_score": 3.576888888888889,
        "std_score": 0.5726151401818084,
        "pass_rate": 40.0,
        "case_count": 45,
        "min_score": 2.08,
        "max_score": 4.34
      },
      "High": {
        "mean_score": 3.5973333333333337,
        "std_score": 0.5086644823019939,
        "pass_rate": 40.0,
        "case_count": 15,
        "min_score": 2.4,
        "max_score": 4.18
      },
      "Safety-critical": {
        "mean_score": 4.176,
        "std_score": 0.20886359184884282,
        "pass_rate": 100.0,
        "case_count": 5,
        "min_score": 3.87,
        "max_score": 4.38
      }
    },
    "qwen3-32b": {
      "Low": {
        "mean_score": 3.791142857142857,
        "std_score": 0.5008779231285314,
        "pass_rate": 51.42857142857142,
        "case_count": 35,
        "min_score": 2.12,
        "max_score": 4.37
      },
      "Safety-critical": {
        "mean_score": 3.7640000000000002,
        "std_score": 0.45535041451611746,
        "pass_rate": 40.0,
        "case_count": 5,
        "min_score": 3.01,
        "max_score": 4.35
      },
      "Medium": {
        "mean_score": 3.766,
        "std_score": 0.4322108538921972,
        "pass_rate": 48.888888888888886,
        "case_count": 45,
        "min_score": 2.73,
        "max_score": 4.32
      },
      "High": {
        "mean_score": 3.721333333333334,
        "std_score": 0.6086035016512985,
        "pass_rate": 60.0,
        "case_count": 15,
        "min_score": 2.72,
        "max_score": 4.38
      }
    },
    "qwen3-235b-a22b": {
      "Medium": {
        "mean_score": 3.842888888888889,
        "std_score": 0.38977270996325375,
        "pass_rate": 62.22222222222222,
        "case_count": 45,
        "min_score": 2.5,
        "max_score": 4.38
      },
      "Low": {
        "mean_score": 4.047428571428571,
        "std_score": 0.3357834579193039,
        "pass_rate": 77.14285714285715,
        "case_count": 35,
        "min_score": 3.26,
        "max_score": 4.38
      },
      "High": {
        "mean_score": 3.6180000000000008,
        "std_score": 0.44975845369116363,
        "pass_rate": 40.0,
        "case_count": 15,
        "min_score": 2.84,
        "max_score": 4.31
      },
      "Safety-critical": {
        "mean_score": 4.054,
        "std_score": 0.32196894260161174,
        "pass_rate": 60.0,
        "case_count": 5,
        "min_score": 3.56,
        "max_score": 4.38
      }
    }
  },
  "summary": [
    {
      "Model": "gpt-4o",
      "Low_score": "4.06",
      "Low_pass": "80.0%",
      "Low_count": 35,
      "Medium_score": "4.11",
      "Medium_pass": "86.7%",
      "Medium_count": 45,
      "High_score": "4.09",
      "High_pass": "80.0%",
      "High_count": 15,
      "Safety-critical_score": "4.07",
      "Safety-critical_pass": "80.0%",
      "Safety-critical_count": 5
    },
    {
      "Model": "qwen3-8b",
      "Low_score": "3.30",
      "Low_pass": "17.1%",
      "Low_count": 35,
      "Medium_score": "3.27",
      "Medium_pass": "6.7%",
      "Medium_count": 45,
      "High_score": "3.31",
      "High_pass": "20.0%",
      "High_count": 15,
      "Safety-critical_score": "3.16",
      "Safety-critical_pass": "0.0%",
      "Safety-critical_count": 5
    },
    {
      "Model": "qwen3-14b",
      "Low_score": "3.68",
      "Low_pass": "42.9%",
      "Low_count": 35,
      "Medium_score": "3.58",
      "Medium_pass": "40.0%",
      "Medium_count": 45,
      "High_score": "3.60",
      "High_pass": "40.0%",
      "High_count": 15,
      "Safety-critical_score": "4.18",
      "Safety-critical_pass": "100.0%",
      "Safety-critical_count": 5
    },
    {
      "Model": "qwen3-32b",
      "Low_score": "3.79",
      "Low_pass": "51.4%",
      "Low_count": 35,
      "Medium_score": "3.77",
      "Medium_pass": "48.9%",
      "Medium_count": 45,
      "High_score": "3.72",
      "High_pass": "60.0%",
      "High_count": 15,
      "Safety-critical_score": "3.76",
      "Safety-critical_pass": "40.0%",
      "Safety-critical_count": 5
    },
    {
      "Model": "qwen3-235b-a22b",
      "Low_score": "4.05",
      "Low_pass": "77.1%",
      "Low_count": 35,
      "Medium_score": "3.84",
      "Medium_pass": "62.2%",
      "Medium_count": 45,
      "High_score": "3.62",
      "High_pass": "40.0%",
      "High_count": 15,
      "Safety-critical_score": "4.05",
      "Safety-critical_pass": "60.0%",
      "Safety-critical_count": 5
    }
  ]
}