{
  "models": [
    "gpt-4o",
    "qwen3-0.6b",
    "qwen3-8b",
    "qwen3-14b",
    "qwen3-32b",
    "qwen3-235b-a22b"
  ],
  "risk_levels": [
    "Low",
    "Medium",
    "High",
    "Safety-critical"
  ],
  "statistics": {
    "gpt-4o": {
      "Low": {
        "mean_score": 4.971428571428571,
        "std_score": 0.0699854212223766,
        "pass_rate": 100.0,
        "case_count": 14,
        "min_score": 4.8,
        "max_score": 5.0
      },
      "High": {
        "mean_score": 4.009090909090909,
        "std_score": 1.1992077274407964,
        "pass_rate": 63.63636363636363,
        "case_count": 22,
        "min_score": 1.4,
        "max_score": 5.0
      },
      "Medium": {
        "mean_score": 4.9142857142857155,
        "std_score": 0.14568627181693686,
        "pass_rate": 100.0,
        "case_count": 14,
        "min_score": 4.6,
        "max_score": 5.0
      }
    },
    "qwen3-0.6b": {
      "Low": {
        "mean_score": 2.388235294117647,
        "std_score": 0.7045084668978762,
        "pass_rate": 11.76470588235294,
        "case_count": 17,
        "min_score": 1.0,
        "max_score": 4.0
      },
      "High": {
        "mean_score": 1.7352941176470589,
        "std_score": 0.6443794794178425,
        "pass_rate": 0.0,
        "case_count": 17,
        "min_score": 0.4,
        "max_score": 2.8
      },
      "Medium": {
        "mean_score": 1.6923076923076923,
        "std_score": 0.5525626152636299,
        "pass_rate": 0.0,
        "case_count": 13,
        "min_score": 0.8,
        "max_score": 2.6
      },
      "Safety-critical": {
        "mean_score": 1.3333333333333333,
        "std_score": 0.618241233033047,
        "pass_rate": 0.0,
        "case_count": 3,
        "min_score": 0.8,
        "max_score": 2.2
      }
    },
    "qwen3-8b": {
      "Low": {
        "mean_score": 4.811764705882353,
        "std_score": 0.22197602663662588,
        "pass_rate": 100.0,
        "case_count": 17,
        "min_score": 4.4,
        "max_score": 5.0
      },
      "High": {
        "mean_score": 3.738888888888889,
        "std_score": 1.2802512292032933,
        "pass_rate": 61.111111111111114,
        "case_count": 18,
        "min_score": 1.2,
        "max_score": 5.0
      },
      "Medium": {
        "mean_score": 4.545454545454546,
        "std_score": 0.5913983988105669,
        "pass_rate": 90.9090909090909,
        "case_count": 11,
        "min_score": 3.0,
        "max_score": 5.0
      },
      "Safety-critical": {
        "mean_score": 1.95,
        "std_score": 0.5722761571129797,
        "pass_rate": 0.0,
        "case_count": 4,
        "min_score": 1.2,
        "max_score": 2.8
      }
    },
    "qwen3-14b": {
      "High": {
        "mean_score": 4.094444444444445,
        "std_score": 1.2020686901348312,
        "pass_rate": 61.111111111111114,
        "case_count": 18,
        "min_score": 1.2,
        "max_score": 5.0
      },
      "Low": {
        "mean_score": 4.91,
        "std_score": 0.1946792233393178,
        "pass_rate": 100.0,
        "case_count": 20,
        "min_score": 4.4,
        "max_score": 5.0
      },
      "Medium": {
        "mean_score": 4.88,
        "std_score": 0.36000000000000004,
        "pass_rate": 90.0,
        "case_count": 10,
        "min_score": 3.8,
        "max_score": 5.0
      },
      "Safety-critical": {
        "mean_score": 2.7,
        "std_score": 0.5,
        "pass_rate": 0.0,
        "case_count": 2,
        "min_score": 2.2,
        "max_score": 3.2
      }
    },
    "qwen3-32b": {
      "Low": {
        "mean_score": 4.882352941176471,
        "std_score": 0.23821713801548922,
        "pass_rate": 94.11764705882352,
        "case_count": 17,
        "min_score": 4.2,
        "max_score": 5.0
      },
      "Medium": {
        "mean_score": 4.938461538461539,
        "std_score": 0.1495555545786429,
        "pass_rate": 100.0,
        "case_count": 13,
        "min_score": 4.5,
        "max_score": 5.0
      },
      "High": {
        "mean_score": 3.6333333333333337,
        "std_score": 1.4146063449281963,
        "pass_rate": 50.0,
        "case_count": 18,
        "min_score": 1.6,
        "max_score": 5.0
      },
      "Safety-critical": {
        "mean_score": 2.2,
        "std_score": 0.5999999999999999,
        "pass_rate": 0.0,
        "case_count": 2,
        "min_score": 1.6,
        "max_score": 2.8
      }
    },
    "qwen3-235b-a22b": {
      "Medium": {
        "mean_score": 4.96875,
        "std_score": 0.06817945071647326,
        "pass_rate": 100.0,
        "case_count": 16,
        "min_score": 4.8,
        "max_score": 5.0
      },
      "Low": {
        "mean_score": 4.655555555555555,
        "std_score": 0.5804425727381767,
        "pass_rate": 83.33333333333334,
        "case_count": 18,
        "min_score": 3.0,
        "max_score": 5.0
      },
      "Safety-critical": {
        "mean_score": 3.9,
        "std_score": 0.10000000000000009,
        "pass_rate": 50.0,
        "case_count": 2,
        "min_score": 3.8,
        "max_score": 4.0
      },
      "High": {
        "mean_score": 3.9499999999999997,
        "std_score": 1.1992557215682924,
        "pass_rate": 57.14285714285714,
        "case_count": 14,
        "min_score": 1.2,
        "max_score": 5.0
      }
    }
  },
  "summary": [
    {
      "Model": "gpt-4o",
      "Low_score": "4.97",
      "Low_pass": "100.0%",
      "Low_count": 14,
      "Medium_score": "4.91",
      "Medium_pass": "100.0%",
      "Medium_count": 14,
      "High_score": "4.01",
      "High_pass": "63.6%",
      "High_count": 22,
      "Safety-critical_score": "N/A",
      "Safety-critical_pass": "N/A",
      "Safety-critical_count": 0
    },
    {
      "Model": "qwen3-0.6b",
      "Low_score": "2.39",
      "Low_pass": "11.8%",
      "Low_count": 17,
      "Medium_score": "1.69",
      "Medium_pass": "0.0%",
      "Medium_count": 13,
      "High_score": "1.74",
      "High_pass": "0.0%",
      "High_count": 17,
      "Safety-critical_score": "1.33",
      "Safety-critical_pass": "0.0%",
      "Safety-critical_count": 3
    },
    {
      "Model": "qwen3-8b",
      "Low_score": "4.81",
      "Low_pass": "100.0%",
      "Low_count": 17,
      "Medium_score": "4.55",
      "Medium_pass": "90.9%",
      "Medium_count": 11,
      "High_score": "3.74",
      "High_pass": "61.1%",
      "High_count": 18,
      "Safety-critical_score": "1.95",
      "Safety-critical_pass": "0.0%",
      "Safety-critical_count": 4
    },
    {
      "Model": "qwen3-14b",
      "Low_score": "4.91",
      "Low_pass": "100.0%",
      "Low_count": 20,
      "Medium_score": "4.88",
      "Medium_pass": "90.0%",
      "Medium_count": 10,
      "High_score": "4.09",
      "High_pass": "61.1%",
      "High_count": 18,
      "Safety-critical_score": "2.70",
      "Safety-critical_pass": "0.0%",
      "Safety-critical_count": 2
    },
    {
      "Model": "qwen3-32b",
      "Low_score": "4.88",
      "Low_pass": "94.1%",
      "Low_count": 17,
      "Medium_score": "4.94",
      "Medium_pass": "100.0%",
      "Medium_count": 13,
      "High_score": "3.63",
      "High_pass": "50.0%",
      "High_count": 18,
      "Safety-critical_score": "2.20",
      "Safety-critical_pass": "0.0%",
      "Safety-critical_count": 2
    },
    {
      "Model": "qwen3-235b-a22b",
      "Low_score": "4.66",
      "Low_pass": "83.3%",
      "Low_count": 18,
      "Medium_score": "4.97",
      "Medium_pass": "100.0%",
      "Medium_count": 16,
      "High_score": "3.95",
      "High_pass": "57.1%",
      "High_count": 14,
      "Safety-critical_score": "3.90",
      "Safety-critical_pass": "50.0%",
      "Safety-critical_count": 2
    }
  ]
}